data,casosAcumulados,casosNovos,descartados,recuperados,obitosAcumulados,obitosNovos,Letalidade,estado
2021-09-26,441155,134,484336,333751,9294,2.0,0.0211,PB
2021-09-25,441021,165,484331,333441,9292,2.0,0.0211,PB
2021-09-24,440856,225,484301,332845,9290,3.0,0.0211,PB
2021-09-23,440631,203,484276,332540,9287,3.0,0.0211,PB
2021-09-22,440428,297,484265,331958,9284,6.0,0.0211,PB
2021-09-21,440131,25,484238,331659,9278,1.0,0.0211,PB
2021-09-20,440106,39,484225,331619,9277,6.0,0.0211,PB
2021-09-19,440067,168,484224,331604,9271,3.0,0.0211,PB
2021-09-18,439899,3144,484234,331213,9268,4.0,0.0211,PB
2021-09-17,436755,32,483136,326185,9264,5.0,0.0212,PB
2021-09-16,436723,78,483105,326174,9259,6.0,0.0212,PB
2021-09-15,436645,16,483073,326167,9253,3.0,0.0212,PB
2021-09-14,436629,26,483045,326155,9250,4.0,0.0212,PB
2021-09-13,436603,33,483024,326135,9246,6.0,0.0212,PB
2021-09-12,436570,10,483015,326124,9240,7.0,0.0212,PB
2021-09-11,436560,16,483007,326114,9233,2.0,0.0211,PB
2021-09-10,436544,16,482970,326099,9231,1.0,0.0211,PB
2021-09-09,436528,187,482952,326089,9230,6.0,0.0211,PB
2021-09-08,436341,243,482600,325735,9224,4.0,0.0211,PB
2021-09-07,436098,276,481824,324921,9220,3.0,0.0211,PB
2021-09-06,435822,93,481503,324791,9217,5.0,0.0211,PB
2021-09-05,435729,356,481295,324779,9212,4.0,0.0211,PB
2021-09-04,435373,573,480586,324051,9208,5.0,0.0211,PB
2021-09-03,434800,630,479372,323045,9203,4.0,0.0212,PB
2021-09-02,434170,441,478348,322082,9199,9.0,0.0212,PB
2021-09-01,433729,407,477558,321176,9190,4.0,0.0212,PB
2021-08-31,433322,152,476451,320148,9186,4.0,0.0212,PB
2021-08-30,433170,158,476152,319839,9182,6.0,0.0212,PB
2021-08-29,433012,278,475764,319732,9176,5.0,0.0212,PB
2021-08-28,432734,384,475075,319091,9171,6.0,0.0212,PB
2021-08-27,432350,353,474103,317975,9165,5.0,0.0212,PB
2021-08-26,431997,907,473209,317250,9160,6.0,0.0212,PB
2021-08-25,431090,96,470764,315339,9154,5.0,0.0212,PB
2021-08-24,430994,264,470701,315228,9149,4.0,0.0212,PB
2021-08-23,430730,120,470179,315028,9145,8.0,0.0212,PB
2021-08-22,430610,299,469857,314998,9137,2.0,0.0212,PB
2021-08-21,430311,450,469063,314036,9135,5.0,0.0212,PB
2021-08-20,429861,431,467909,313265,9130,7.0,0.0212,PB
2021-08-19,429430,560,466776,312400,9123,8.0,0.0212,PB
2021-08-18,428870,630,465693,311700,9115,7.0,0.0213,PB
2021-08-17,428240,251,464114,310912,9108,10.0,0.0213,PB
2021-08-16,427989,104,463663,310650,9098,5.0,0.0213,PB
2021-08-15,427885,374,463416,304724,9093,4.0,0.0213,PB
2021-08-14,427511,442,462333,304713,9089,3.0,0.0213,PB
2021-08-13,427069,449,461264,303056,9086,4.0,0.0213,PB
2021-08-12,426620,422,460215,301889,9082,6.0,0.0213,PB
2021-08-11,426198,579,459085,300989,9076,5.0,0.0213,PB
2021-08-10,425619,194,457892,299497,9071,6.0,0.0213,PB
2021-08-09,425425,121,457526,299326,9065,8.0,0.0213,PB
2021-08-08,425304,321,457191,299302,9057,8.0,0.0213,PB
2021-08-07,424983,406,456236,298889,9049,12.0,0.0213,PB
2021-08-06,424577,423,455493,298554,9037,14.0,0.0213,PB
2021-08-05,424154,570,454357,297945,9023,5.0,0.0213,PB
2021-08-04,423584,872,453146,297222,9018,7.0,0.0213,PB
2021-08-03,422712,37,451358,296180,9011,8.0,0.0213,PB
2021-08-02,422675,132,451334,296139,9003,9.0,0.0213,PB
2021-08-01,422543,495,450866,296026,8994,7.0,0.0213,PB
2021-07-31,422048,463,449750,295356,8987,10.0,0.0213,PB
2021-07-30,421585,992,448883,295010,8977,6.0,0.0213,PB
2021-07-29,420593,1019,446816,293700,8971,10.0,0.0213,PB
2021-07-28,419574,797,445452,292847,8961,9.0,0.0214,PB
2021-07-27,418777,187,443788,291888,8952,7.0,0.0214,PB
2021-07-26,418590,213,443313,291593,8945,7.0,0.0214,PB
2021-07-25,418377,611,442698,291230,8938,8.0,0.0214,PB
2021-07-24,417766,607,441423,290624,8930,8.0,0.0214,PB
2021-07-23,417159,898,440070,289916,8922,7.0,0.0214,PB
2021-07-22,416261,1279,430642,288893,8915,9.0,0.0214,PB
2021-07-21,414982,563,426515,287578,8906,11.0,0.0215,PB
2021-07-20,414419,358,422414,287142,8895,10.0,0.0215,PB
2021-07-19,414061,240,418272,286861,8885,13.0,0.0215,PB
2021-07-18,413821,849,417015,286783,8872,7.0,0.0214,PB
2021-07-17,412972,975,415986,284901,8865,15.0,0.0215,PB
2021-07-16,411997,943,407457,284508,8850,9.0,0.0215,PB
2021-07-15,411054,1310,403213,283386,8841,12.0,0.0215,PB
2021-07-14,409744,1304,397425,281654,8829,14.0,0.0215,PB
2021-07-13,408440,58,393670,278184,8815,7.0,0.0216,PB
2021-07-12,408382,373,393603,278139,8808,14.0,0.0216,PB
2021-07-11,408009,710,393552,277910,8794,9.0,0.0216,PB
2021-07-10,407299,1300,389223,274237,8785,18.0,0.0216,PB
2021-07-09,405999,1151,387950,274186,8767,17.0,0.0216,PB
2021-07-08,404848,1154,382764,272313,8750,9.0,0.0216,PB
2021-07-07,403694,1519,360812,270674,8741,17.0,0.0217,PB
2021-07-06,402175,475,342512,268966,8724,21.0,0.0217,PB
2021-07-05,401700,441,336824,268452,8703,18.0,0.0217,PB
2021-07-04,401259,1248,332566,267873,8685,15.0,0.0216,PB
2021-07-03,400011,1571,332560,266319,8670,16.0,0.0217,PB
2021-07-02,398440,1536,332530,262757,8654,26.0,0.0217,PB
2021-07-01,396904,462,332509,262724,8628,22.0,0.0217,PB
2021-06-30,396442,1733,332429,262148,8606,20.0,0.0217,PB
2021-06-29,394709,1783,332410,260560,8586,25.0,0.0218,PB
2021-06-28,392926,1115,332376,258373,8561,23.0,0.0218,PB
2021-06-27,391811,2098,332355,258131,8538,16.0,0.0218,PB
2021-06-26,389713,2002,332348,257555,8522,23.0,0.0219,PB
2021-06-25,387711,2693,332335,251193,8499,20.0,0.0219,PB
2021-06-24,385018,2391,332313,250519,8479,26.0,0.022,PB
2021-06-23,382627,2377,332307,250078,8453,20.0,0.0221,PB
2021-06-22,380250,2186,331188,249641,8433,22.0,0.0222,PB
2021-06-21,378064,2114,330969,249135,8411,30.0,0.0222,PB
2021-06-20,375950,2178,330721,248667,8381,33.0,0.0223,PB
2021-06-19,373772,2639,329903,248304,8348,32.0,0.0223,PB
2021-06-18,371133,2555,328941,243203,8316,47.0,0.0224,PB
2021-06-17,368578,2457,327929,242820,8269,32.0,0.0224,PB
2021-06-16,366121,2328,326517,242184,8237,40.0,0.0225,PB
2021-06-15,363793,2358,325032,241749,8197,39.0,0.0225,PB
2021-06-14,361435,2575,324438,241293,8158,30.0,0.0226,PB
2021-06-13,358860,2034,324327,236555,8128,33.0,0.0226,PB
2021-06-12,356826,2111,323444,236186,8095,37.0,0.0227,PB
2021-06-11,354715,2451,322301,235778,8058,55.0,0.0227,PB
2021-06-10,352264,3911,231258,235329,8003,46.0,0.0227,PB
2021-06-09,348353,1345,319821,234501,7957,37.0,0.0228,PB
2021-06-08,347008,1412,319631,234250,7920,37.0,0.0228,PB
2021-06-07,345596,1422,319224,230145,7883,34.0,0.0228,PB
2021-06-06,344174,1982,319055,230002,7849,29.0,0.0228,PB
2021-06-05,342192,1992,318096,229790,7820,29.0,0.0229,PB
2021-06-04,340200,2421,317390,229489,7791,26.0,0.0229,PB
2021-06-03,337779,2660,316011,229062,7765,30.0,0.023,PB
2021-06-02,335119,2403,314538,225278,7735,32.0,0.0231,PB
2021-06-01,332716,1751,314520,224912,7703,31.0,0.0232,PB
2021-05-31,330965,1016,312428,224702,7672,27.0,0.0232,PB
2021-05-30,329949,1178,312208,224514,7645,28.0,0.0232,PB
2021-05-29,328771,2429,312011,224255,7617,28.0,0.0232,PB
2021-05-28,326342,1917,311013,223896,7589,33.0,0.0233,PB
2021-05-27,324425,1887,310639,223537,7556,36.0,0.0233,PB
2021-05-26,322538,2262,309492,221134,7520,36.0,0.0233,PB
2021-05-25,320276,2015,308275,220621,7484,36.0,0.0234,PB
2021-05-24,318261,1364,307847,219829,7448,28.0,0.0234,PB
2021-05-23,316897,1249,307652,219619,7420,18.0,0.0234,PB
2021-05-22,315648,1415,307038,219392,7402,32.0,0.0235,PB
2021-05-21,314233,1156,304747,214892,7370,34.0,0.0235,PB
2021-05-20,313077,892,304299,214557,7336,34.0,0.0234,PB
2021-05-19,312185,830,303885,214355,7302,27.0,0.0234,PB
2021-05-18,311355,885,303344,214212,7275,27.0,0.0234,PB
2021-05-17,310470,758,303074,214055,7248,29.0,0.0233,PB
2021-05-16,309712,1079,302973,213766,7219,18.0,0.0233,PB
2021-05-15,308633,1091,302343,213766,7201,23.0,0.0233,PB
2021-05-14,307542,1365,301775,213620,7178,28.0,0.0233,PB
2021-05-13,306177,1127,301132,213399,7150,28.0,0.0234,PB
2021-05-12,305050,1417,300224,213216,7122,35.0,0.0233,PB
2021-05-11,303633,932,299308,212948,7087,32.0,0.0233,PB
2021-05-10,302701,816,298945,212770,7055,16.0,0.0233,PB
2021-05-09,301885,900,298694,212562,7039,21.0,0.0233,PB
2021-05-08,300985,1082,298111,212445,7018,22.0,0.0233,PB
2021-05-07,299903,1127,297326,212221,6996,32.0,0.0233,PB
2021-05-06,298776,1190,296240,206383,6964,25.0,0.0233,PB
2021-05-05,297586,999,295475,206044,6939,27.0,0.0233,PB
2021-05-04,296587,1129,294480,205861,6912,40.0,0.0233,PB
2021-05-03,295458,786,294171,205548,6872,28.0,0.0233,PB
2021-05-02,294672,955,294035,205320,6844,25.0,0.0232,PB
2021-05-01,293717,1048,293204,205130,6819,23.0,0.0232,PB
2021-04-30,292669,1110,292633,204944,6796,22.0,0.0232,PB
2021-04-29,291559,1012,291895,204763,6774,21.0,0.0232,PB
2021-04-28,290547,1228,290880,204577,6753,31.0,0.0232,PB
2021-04-27,289319,1037,290111,204340,6722,46.0,0.0232,PB
2021-04-26,288282,942,289797,204054,6676,28.0,0.0232,PB
2021-04-25,287340,1002,289676,203663,6648,19.0,0.0231,PB
2021-04-24,286338,1015,288464,203646,6629,22.0,0.0232,PB
2021-04-23,285323,1134,288464,195659,6607,31.0,0.0232,PB
2021-04-22,284189,1042,287771,195396,6576,27.0,0.0231,PB
2021-04-21,283147,1108,287565,195115,6549,29.0,0.0231,PB
2021-04-20,282039,1072,286470,194932,6520,33.0,0.0231,PB
2021-04-19,280967,904,286168,194644,6487,43.0,0.0231,PB
2021-04-18,280063,893,286046,194389,6444,30.0,0.023,PB
2021-04-17,279170,1377,285111,194157,6414,27.0,0.023,PB
2021-04-16,277793,1124,284454,194049,6387,40.0,0.023,PB
2021-04-15,276669,1368,283603,193852,6347,31.0,0.0229,PB
2021-04-14,275301,1218,282121,193451,6316,42.0,0.0229,PB
2021-04-13,274083,1272,281651,193434,6274,40.0,0.0229,PB
2021-04-12,272811,1486,279801,193188,6234,58.0,0.0229,PB
2021-04-11,271325,394,278142,192859,6176,19.0,0.0228,PB
2021-04-10,270931,1480,278142,192776,6157,39.0,0.0227,PB
2021-04-09,269451,1272,277295,190188,6118,33.0,0.0227,PB
2021-04-08,268179,1171,276084,190002,6085,35.0,0.0227,PB
2021-04-07,267008,1551,274623,189753,6050,49.0,0.0227,PB
2021-04-06,265457,817,273026,186879,6001,52.0,0.0226,PB
2021-04-05,264640,1059,272719,186670,5949,43.0,0.0225,PB
2021-04-04,263581,1081,272369,186531,5906,40.0,0.0224,PB
2021-04-03,262500,789,272207,186334,5866,46.0,0.0223,PB
2021-04-02,261711,1227,271854,186259,5820,29.0,0.0222,PB
2021-04-01,260484,1311,271069,186084,5791,47.0,0.0222,PB
2021-03-31,259173,1553,270560,183668,5744,73.0,0.0222,PB
2021-03-30,257620,1150,269399,183369,5671,70.0,0.022,PB
2021-03-29,256470,968,268985,183028,5601,49.0,0.0218,PB
2021-03-28,255502,1203,268866,182873,5552,43.0,0.0217,PB
2021-03-27,254299,1410,268309,182680,5509,57.0,0.0217,PB
2021-03-26,252889,1611,266785,182404,5452,48.0,0.0216,PB
2021-03-25,251278,1672,265533,180125,5404,50.0,0.0215,PB
2021-03-24,249606,1154,264150,177812,5354,41.0,0.0214,PB
2021-03-23,248452,1140,264146,177591,5313,41.0,0.0214,PB
2021-03-22,247312,930,264142,176557,5272,29.0,0.0213,PB
2021-03-21,246382,818,264135,175879,5243,31.0,0.0213,PB
2021-03-20,245564,1300,264128,174980,5212,45.0,0.0212,PB
2021-03-19,244264,1269,264122,174769,5167,44.0,0.0212,PB
2021-03-18,242995,1403,258188,172789,5123,43.0,0.0211,PB
2021-03-17,241592,1194,256574,172492,5080,44.0,0.021,PB
2021-03-16,240398,804,255491,172218,5036,44.0,0.0209,PB
2021-03-15,239594,1025,255162,171911,4992,59.0,0.0208,PB
2021-03-14,238569,1256,254951,171673,4933,37.0,0.0207,PB
2021-03-13,237313,1694,254238,171130,4896,31.0,0.0206,PB
2021-03-12,235619,1365,253347,171123,4865,33.0,0.0206,PB
2021-03-11,234254,1483,252397,170836,4832,35.0,0.0206,PB
2021-03-10,232771,1365,251742,170510,4797,50.0,0.0206,PB
2021-03-09,231406,1200,250990,170191,4747,36.0,0.0205,PB
2021-03-08,230206,1012,250583,165590,4711,32.0,0.0205,PB
2021-03-07,229194,1218,250027,165212,4679,23.0,0.0204,PB
2021-03-06,227976,1140,248708,165016,4656,24.0,0.0204,PB
2021-03-05,226836,1164,0,164712,4632,20.0,0.0204,PB
2021-03-04,225672,1385,245919,164712,4612,54.0,0.0204,PB
2021-03-02,223169,910,245919,164611,4558,32.0,0.0204,PB
2021-03-01,222259,1144,245722,158550,4526,30.0,0.0204,PB
2021-02-28,221115,1392,245686,158304,4496,25.0,0.0203,PB
2021-02-27,219723,1416,245121,158132,4471,20.0,0.0203,PB
2021-02-26,218307,1186,244356,157849,4451,18.0,0.0204,PB
2021-02-25,217121,1594,243890,157586,4433,14.0,0.0204,PB
2021-02-24,215527,1320,243253,157329,4419,15.0,0.0205,PB
2021-02-23,214207,980,242542,157099,4404,25.0,0.0206,PB
2021-02-22,213227,941,242325,156862,4379,23.0,0.0205,PB
2021-02-21,212286,1004,242232,156580,4356,13.0,0.0205,PB
2021-02-20,211282,1349,241751,156373,4343,15.0,0.0206,PB
2021-02-19,209933,1191,241352,156097,4328,22.0,0.0206,PB
2021-02-18,208742,1331,240899,155907,4306,18.0,0.0206,PB
2021-02-17,207411,1014,240315,155593,4288,16.0,0.0207,PB
2021-02-16,206397,818,240098,155402,4272,17.0,0.0207,PB
2021-02-15,205579,995,240098,155205,4255,13.0,0.0207,PB
2021-02-14,204584,641,240049,154931,4242,12.0,0.0207,PB
2021-02-13,203943,830,239545,154858,4230,17.0,0.0207,PB
2021-02-12,203113,1137,239078,154749,4213,15.0,0.0207,PB
2021-02-11,201976,1130,238401,154210,4198,16.0,0.0208,PB
2021-02-10,200846,1140,237982,153622,4182,11.0,0.0208,PB
2021-02-09,199706,971,237369,152779,4171,13.0,0.0209,PB
2021-02-08,198735,611,237189,151879,4158,12.0,0.0209,PB
2021-02-07,198124,664,237072,151535,4146,11.0,0.0209,PB
2021-02-06,197460,918,236774,150175,4135,12.0,0.0209,PB
2021-02-05,196542,1060,236216,150169,4123,13.0,0.021,PB
2021-02-04,195482,963,235319,149792,4110,14.0,0.021,PB
2021-02-03,194519,1054,234902,149248,4096,14.0,0.0211,PB
2021-02-02,193465,867,234366,149242,4082,14.0,0.0211,PB
2021-02-01,192598,1014,234215,149235,4068,12.0,0.0211,PB
2021-01-31,191584,1104,234198,148856,4056,8.0,0.0212,PB
2021-01-30,190480,1065,233698,148722,4048,12.0,0.0213,PB
2021-01-29,189415,1125,233135,138950,4036,11.0,0.0213,PB
2021-01-28,188290,1044,232401,138823,4025,11.0,0.0214,PB
2021-01-27,187246,1213,231989,138750,4014,11.0,0.0214,PB
2021-01-26,186033,1126,231413,138694,4003,12.0,0.0215,PB
2021-01-25,184907,1181,231410,138690,3991,11.0,0.0216,PB
2021-01-24,183726,819,230216,138687,3980,12.0,0.0217,PB
2021-01-23,182907,1134,230207,138680,3968,13.0,0.0217,PB
2021-01-22,181773,1309,229721,138676,3955,16.0,0.0218,PB
2021-01-21,180464,1111,229281,138673,3939,13.0,0.0218,PB
2021-01-20,179353,1272,228228,138664,3926,14.0,0.0219,PB
2021-01-19,178081,238,228046,133894,3912,10.0,0.022,PB
2021-01-18,177843,225,227850,133463,3902,14.0,0.0219,PB
2021-01-17,177618,783,227732,133270,3888,8.0,0.0219,PB
2021-01-16,176835,838,226683,132838,3880,11.0,0.0219,PB
2021-01-15,175997,770,226001,132352,3869,12.0,0.022,PB
2021-01-14,175227,1028,225417,132009,3857,12.0,0.022,PB
2021-01-13,174199,681,224879,131239,3845,9.0,0.0221,PB
2021-01-12,173518,219,224201,130785,3836,12.0,0.0221,PB
2021-01-11,173299,523,224078,130673,3824,16.0,0.0221,PB
2021-01-10,172776,515,224030,130623,3808,8.0,0.022,PB
2021-01-09,172261,714,223502,130400,3800,12.0,0.0221,PB
2021-01-08,171547,936,222760,129902,3788,15.0,0.0221,PB
2021-01-07,170611,965,221925,129355,3773,18.0,0.0221,PB
2021-01-06,169646,1101,221081,128558,3755,15.0,0.0221,PB
2021-01-05,168545,366,220216,127864,3740,18.0,0.0222,PB
2021-01-04,168179,135,220066,127619,3722,16.0,0.0221,PB
2021-01-03,168044,429,220002,127564,3706,14.0,0.0221,PB
2021-01-02,167615,553,219974,127509,3692,12.0,0.022,PB
2021-01-01,167062,578,219890,127388,3680,8.0,0.022,PB
2020-12-31,166484,1058,219283,127030,3672,12.0,0.0221,PB
2020-12-30,165426,1010,218046,126385,3660,13.0,0.0221,PB
2020-12-29,164416,423,216989,125377,3647,12.0,0.0222,PB
2020-12-28,163993,578,216757,125292,3635,16.0,0.0222,PB
2020-12-27,163415,308,216626,125320,3619,15.0,0.0221,PB
2020-12-26,163107,727,216483,125191,3604,12.0,0.0221,PB
2020-12-25,162380,231,216215,124959,3592,10.0,0.0221,PB
2020-12-24,162149,610,216192,124953,3582,9.0,0.0221,PB
2020-12-23,161539,928,215892,124838,3573,10.0,0.0221,PB
2020-12-22,160611,972,214519,124217,3563,11.0,0.0222,PB
2020-12-21,159639,203,213617,123430,3552,13.0,0.0223,PB
2020-12-20,159436,327,213356,123417,3539,10.0,0.0222,PB
2020-12-19,159109,660,213149,123295,3529,6.0,0.0222,PB
2020-12-18,158449,1053,212439,122935,3523,16.0,0.0222,PB
2020-12-17,157396,1274,210628,122219,3507,20.0,0.0223,PB
2020-12-16,156122,1388,209111,121400,3487,18.0,0.0223,PB
2020-12-15,154734,817,208238,120575,3469,17.0,0.0224,PB
2020-12-14,153917,268,207803,120419,3452,13.0,0.0224,PB
2020-12-13,153649,93,207557,120269,3439,9.0,0.0224,PB
2020-12-12,153556,594,207426,120264,3430,10.0,0.0223,PB
2020-12-11,152962,889,206311,119971,3420,13.0,0.0224,PB
2020-12-10,152073,761,204953,119965,3407,16.0,0.0224,PB
2020-12-09,151312,737,203939,119961,3391,11.0,0.0224,PB
2020-12-08,150575,586,203061,119956,3380,13.0,0.0224,PB
2020-12-07,149989,604,202436,119950,3367,8.0,0.0224,PB
2020-12-06,149385,673,202387,119946,3359,14.0,0.0225,PB
2020-12-05,148712,709,202303,119943,3345,7.0,0.0225,PB
2020-12-04,148003,729,201792,119633,3338,12.0,0.0226,PB
2020-12-03,147274,746,201032,119628,3326,10.0,0.0226,PB
2020-12-02,146528,734,200130,119620,3316,11.0,0.0226,PB
2020-12-01,145794,541,199456,115308,3305,10.0,0.0227,PB
2020-11-30,145253,41,198685,115015,3295,3.0,0.0227,PB
2020-11-29,145212,102,198682,115012,3292,4.0,0.0227,PB
2020-11-28,145110,369,198525,115000,3288,5.0,0.0227,PB
2020-11-27,144741,363,197299,115000,3283,7.0,0.0227,PB
2020-11-26,144378,763,196700,114202,3276,8.0,0.0227,PB
2020-11-25,143615,717,196170,114020,3268,7.0,0.0228,PB
2020-11-24,142898,310,195338,113705,3261,5.0,0.0228,PB
2020-11-23,142588,131,194803,113528,3256,8.0,0.0228,PB
2020-11-22,142457,192,194676,113510,3248,4.0,0.0228,PB
2020-11-21,142265,650,194574,113371,3244,8.0,0.0228,PB
2020-11-20,141615,633,193829,113102,3236,4.0,0.0229,PB
2020-11-19,140982,627,193294,112947,3232,9.0,0.0229,PB
2020-11-18,140355,579,192793,112642,3223,7.0,0.023,PB
2020-11-17,139776,608,192282,112499,3216,5.0,0.023,PB
2020-11-16,139168,622,191943,112347,3211,7.0,0.0231,PB
2020-11-15,138546,82,191935,112337,3204,5.0,0.0231,PB
2020-11-14,138464,522,191809,112312,3199,6.0,0.0231,PB
2020-11-13,137942,468,191310,112055,3193,6.0,0.0231,PB
2020-11-12,137474,837,190919,111715,3187,9.0,0.0232,PB
2020-11-11,136637,608,190130,111329,3178,12.0,0.0233,PB
2020-11-10,136029,425,189292,110951,3166,6.0,0.0233,PB
2020-11-09,135604,87,188692,110555,3160,6.0,0.0233,PB
2020-11-08,135517,192,188411,110491,3154,4.0,0.0233,PB
2020-11-07,135325,488,188280,110241,3150,4.0,0.0233,PB
2020-11-06,134837,540,187718,110029,3146,8.0,0.0233,PB
2020-11-05,134297,339,186866,109721,3138,8.0,0.0234,PB
2020-11-04,133958,579,186285,109298,3130,11.0,0.0234,PB
2020-11-03,133379,93,185467,108864,3119,11.0,0.0234,PB
2020-11-02,133286,66,185349,108785,3108,1.0,0.0233,PB
2020-11-01,133220,71,185162,108737,3107,6.0,0.0233,PB
2020-10-31,133149,419,185047,108665,3101,10.0,0.0233,PB
2020-10-30,132730,499,184683,108251,3091,8.0,0.0233,PB
2020-10-29,132231,252,193919,107984,3083,7.0,0.0233,PB
2020-10-28,131979,544,183224,107933,3076,6.0,0.0233,PB
2020-10-27,131435,519,182415,107930,3070,8.0,0.0234,PB
2020-10-26,130916,135,181143,107925,3062,8.0,0.0234,PB
2020-10-25,130781,123,181054,107920,3054,7.0,0.0234,PB
2020-10-24,130658,433,180866,106769,3047,9.0,0.0233,PB
2020-10-23,130225,494,180046,106472,3038,9.0,0.0233,PB
2020-10-22,129731,317,178939,105850,3029,9.0,0.0233,PB
2020-10-21,129414,369,178127,105573,3020,10.0,0.0233,PB
2020-10-20,129045,496,177728,105273,3010,9.0,0.0233,PB
2020-10-19,128549,114,177234,104636,3001,8.0,0.0233,PB
2020-10-18,128435,19,176960,104494,2993,8.0,0.0233,PB
2020-10-17,128416,384,176960,104493,2985,8.0,0.0232,PB
2020-10-16,128032,576,176543,104015,2977,7.0,0.0233,PB
2020-10-15,127456,665,175570,103487,2970,12.0,0.0233,PB
2020-10-14,126791,718,174661,102755,2958,14.0,0.0233,PB
2020-10-13,126073,140,173432,101794,2944,14.0,0.0234,PB
2020-10-12,125933,56,172947,101388,2930,8.0,0.0233,PB
2020-10-11,125877,164,172947,101212,2922,8.0,0.0232,PB
2020-10-10,125713,428,172874,101073,2914,10.0,0.0232,PB
2020-10-09,125285,536,172333,100970,2904,10.0,0.0232,PB
2020-10-08,124749,434,171611,100334,2894,10.0,0.0232,PB
2020-10-07,124315,751,170842,99926,2884,12.0,0.0232,PB
2020-10-06,123564,674,169572,99199,2872,11.0,0.0232,PB
2020-10-05,122890,177,168190,98231,2861,10.0,0.0233,PB
2020-10-04,122713,32,167931,98027,2851,5.0,0.0232,PB
2020-10-03,122681,408,167920,98017,2846,4.0,0.0232,PB
2020-10-02,122273,464,167132,97408,2842,7.0,0.0232,PB
2020-10-01,121809,542,166146,96725,2835,11.0,0.0233,PB
2020-09-30,121267,613,164965,96044,2824,8.0,0.0233,PB
2020-09-29,120654,667,163640,94831,2816,12.0,0.0233,PB
2020-09-28,119987,204,162469,93716,2804,7.0,0.0234,PB
2020-09-27,119783,52,161598,93353,2797,9.0,0.0234,PB
2020-09-26,119731,597,161465,93294,2788,10.0,0.0233,PB
2020-09-25,119134,567,160216,92668,2778,16.0,0.0233,PB
2020-09-24,118567,519,159038,91920,2762,21.0,0.0233,PB
2020-09-23,118048,553,157955,91145,2741,12.0,0.0232,PB
2020-09-22,117495,616,156132,90194,2729,10.0,0.0232,PB
2020-09-21,116879,143,154837,89563,2719,12.0,0.0233,PB
2020-09-20,116736,148,154489,89384,2707,12.0,0.0232,PB
2020-09-19,116588,622,154366,89305,2695,11.0,0.0231,PB
2020-09-18,115966,607,153398,88800,2684,14.0,0.0231,PB
2020-09-17,115359,777,152133,88042,2670,11.0,0.0231,PB
2020-09-16,114582,679,150830,87335,2659,10.0,0.0232,PB
2020-09-15,113903,740,149464,86591,2649,10.0,0.0233,PB
2020-09-14,113163,202,148017,85821,2639,12.0,0.0233,PB
2020-09-13,112961,255,147731,85573,2627,11.0,0.0233,PB
2020-09-12,112706,688,147604,85475,2616,12.0,0.0232,PB
2020-09-11,112018,523,146920,84520,2604,14.0,0.0232,PB
2020-09-10,111495,768,145914,83090,2590,12.0,0.0232,PB
2020-09-09,110727,867,144552,81927,2578,15.0,0.0233,PB
2020-09-08,109860,154,142757,81122,2563,13.0,0.0233,PB
2020-09-07,109706,33,142329,81039,2550,7.0,0.0232,PB
2020-09-06,109673,143,142230,81000,2543,14.0,0.0232,PB
2020-09-05,109530,605,141469,80881,2529,12.0,0.0231,PB
2020-09-04,108925,743,140796,80327,2517,16.0,0.0231,PB
2020-09-03,108182,798,139223,78720,2501,18.0,0.0231,PB
2020-09-02,107384,779,139132,77950,2483,18.0,0.0231,PB
2020-09-01,106605,827,135541,77026,2465,15.0,0.0231,PB
2020-08-31,105778,117,132880,75521,2450,15.0,0.0232,PB
2020-08-30,105661,130,132516,75470,2435,13.0,0.023,PB
2020-08-29,105531,728,131939,75398,2422,18.0,0.023,PB
2020-08-28,104803,707,130736,74326,2404,16.0,0.0229,PB
2020-08-27,104096,883,129292,71109,2388,17.0,0.0229,PB
2020-08-26,103213,1005,127794,68072,2371,21.0,0.023,PB
2020-08-25,102208,905,125038,64944,2350,20.0,0.023,PB
2020-08-24,101303,171,123654,63037,2330,22.0,0.023,PB
2020-08-23,101132,162,123082,62674,2308,20.0,0.0228,PB
2020-08-22,100970,680,122837,62409,2288,20.0,0.0227,PB
2020-08-21,100290,845,122089,61725,2268,24.0,0.0226,PB
2020-08-20,99445,951,120964,60655,2244,21.0,0.0226,PB
2020-08-19,98494,997,119323,58031,2223,20.0,0.0226,PB
2020-08-18,97497,1274,116976,55572,2203,20.0,0.0226,PB
2020-08-17,96223,190,115018,53363,2183,21.0,0.0227,PB
2020-08-16,96033,445,114723,52891,2162,24.0,0.0225,PB
2020-08-15,95588,928,114537,52249,2138,25.0,0.0224,PB
2020-08-14,94660,866,111883,50326,2113,21.0,0.0223,PB
2020-08-13,93794,897,110505,48585,2092,21.0,0.0223,PB
2020-08-12,92897,1078,108154,47111,2071,25.0,0.0223,PB
2020-08-11,91819,1453,107010,45744,2046,23.0,0.0223,PB
2020-08-10,90366,284,106538,44155,2023,23.0,0.0224,PB
2020-08-09,90082,189,106530,43916,2000,17.0,0.0222,PB
2020-08-08,89893,776,106527,43682,1983,18.0,0.0221,PB
2020-08-07,89117,1250,106523,42971,1965,20.0,0.022,PB
2020-08-06,87867,796,106518,41746,1945,23.0,0.0221,PB
2020-08-05,87071,1311,106513,40094,1922,21.0,0.0221,PB
2020-08-04,85760,1549,106500,38554,1901,31.0,0.0222,PB
2020-08-03,84211,203,106492,36907,1870,20.0,0.0222,PB
2020-08-02,84008,547,106480,36678,1850,17.0,0.022,PB
2020-08-01,83461,667,106465,36179,1833,22.0,0.022,PB
2020-07-31,82794,1686,96753,35971,1811,26.0,0.0219,PB
2020-07-30,81108,1210,94688,34588,1785,19.0,0.022,PB
2020-07-29,79898,1723,93193,33636,1766,21.0,0.0221,PB
2020-07-28,78175,1482,91182,32324,1745,18.0,0.0223,PB
2020-07-27,76693,540,88852,30899,1727,29.0,0.0225,PB
2020-07-26,76153,430,88027,30587,1698,23.0,0.0223,PB
2020-07-25,75723,1173,87775,30378,1675,22.0,0.0221,PB
2020-07-24,74550,1446,85903,29628,1653,35.0,0.0222,PB
2020-07-23,73104,2132,84047,28566,1618,37.0,0.0221,PB
2020-07-22,70972,2128,81560,26525,1581,23.0,0.0223,PB
2020-07-21,68844,1164,78605,25028,1558,41.0,0.0226,PB
2020-07-20,67680,298,76190,24486,1517,31.0,0.0224,PB
2020-07-19,67382,411,76186,24439,1486,9.0,0.0221,PB
2020-07-18,66971,624,76176,24437,1477,31.0,0.0221,PB
2020-07-17,66347,924,76102,24390,1446,28.0,0.0218,PB
2020-07-16,65423,1484,75757,24253,1418,35.0,0.0217,PB
2020-07-15,63939,1477,74399,23695,1383,41.0,0.0216,PB
2020-07-14,62462,1354,73028,23027,1342,40.0,0.0215,PB
2020-07-13,61108,324,71609,22468,1302,18.0,0.0213,PB
2020-07-12,60784,363,71257,22292,1284,34.0,0.0211,PB
2020-07-11,60421,1303,70966,22116,1250,21.0,0.0207,PB
2020-07-10,59118,1504,69567,21481,1229,33.0,0.0208,PB
2020-07-09,57614,1270,68388,20604,1196,25.0,0.0208,PB
2020-07-08,56344,1542,67549,19999,1171,26.0,0.0208,PB
2020-07-07,54802,1651,64933,19373,1145,27.0,0.0209,PB
2020-07-06,53151,423,59341,18435,1118,19.0,0.021,PB
2020-07-05,52728,422,58865,18049,1099,17.0,0.0208,PB
2020-07-04,52306,1541,58569,17798,1082,20.0,0.0207,PB
2020-07-03,50765,1229,52476,16971,1062,18.0,0.0209,PB
2020-07-02,49536,1361,48272,16349,1044,42.0,0.0211,PB
2020-07-01,48175,1218,45395,15359,1002,25.0,0.0208,PB
2020-06-30,46957,1900,43070,14930,977,46.0,0.0208,PB
2020-06-29,45057,378,40423,14232,931,20.0,0.0207,PB
2020-06-28,44679,437,39906,13880,911,15.0,0.0204,PB
2020-06-27,44242,1410,39353,13756,896,32.0,0.0203,PB
2020-06-26,42832,2008,37751,12962,864,22.0,0.0202,PB
2020-06-25,40824,912,35550,121113,842,14.0,0.0206,PB
2020-06-24,39912,913,34924,11687,828,21.0,0.0207,PB
2020-06-23,38999,1746,34140,11287,807,23.0,0.0207,PB
2020-06-22,37253,469,32562,10335,784,18.0,0.021,PB
2020-06-21,36784,263,32028,10213,766,23.0,0.0208,PB
2020-06-20,36521,1428,31842,9956,743,19.0,0.0203,PB
2020-06-19,35093,3333,30083,9366,724,15.0,0.0206,PB
2020-06-18,31760,48,27365,7978,709,13.0,0.0223,PB
2020-06-17,31712,1584,27347,7972,696,25.0,0.0219,PB
2020-06-16,30128,1460,25795,7500,671,15.0,0.0223,PB
2020-06-15,28668,655,24402,6890,656,23.0,0.0229,PB
2020-06-14,28013,559,24022,6689,633,10.0,0.0226,PB
2020-06-13,27454,898,23915,6477,623,13.0,0.0227,PB
2020-06-12,26556,1186,23189,6329,610,40.0,0.023,PB
2020-06-11,25370,1338,22364,5620,570,11.0,0.0225,PB
2020-06-10,24032,1580,21385,5090,559,25.0,0.0233,PB
2020-06-09,22452,1501,20650,4671,534,27.0,0.0238,PB
2020-06-08,20951,641,20540,4340,507,23.0,0.0242,PB
2020-06-07,20310,523,20341,4236,484,17.0,0.0238,PB
2020-06-06,19787,1208,20333,4188,467,16.0,0.0236,PB
2020-06-05,18579,1000,18730,3945,451,13.0,0.0243,PB
2020-06-04,17579,1561,17516,3633,438,24.0,0.0249,PB
2020-06-03,16018,1159,16043,3175,414,35.0,0.0258,PB
2020-06-02,14859,1164,13270,2920,379,9.0,0.0255,PB
2020-06-01,13695,533,12068,2637,370,10.0,0.027,PB
2020-05-31,13162,300,10975,2492,360,14.0,0.0274,PB
2020-05-30,12862,851,10524,2472,346,19.0,0.0269,PB
2020-05-29,12011,879,9495,2435,327,9.0,0.0272,PB
2020-05-28,11132,923,8495,2430,318,20.0,0.0286,PB
2020-05-27,10209,1290,7995,2232,298,12.0,0.0292,PB
2020-05-26,8919,903,7845,2225,286,7.0,0.0321,PB
2020-05-25,8016,193,7284,2218,279,7.0,0.0348,PB
2020-05-24,7823,315,7178,2208,272,14.0,0.0348,PB
2020-05-23,7508,626,6958,2203,258,10.0,0.0344,PB
2020-05-22,6882,644,6529,2003,248,3.0,0.036,PB
2020-05-21,6238,400,6245,1997,245,15.0,0.0393,PB
2020-05-20,5838,538,6145,1847,230,11.0,0.0394,PB
2020-05-19,5300,514,5669,1747,219,12.0,0.0413,PB
2020-05-18,4786,439,5356,1462,207,13.0,0.0433,PB
2020-05-17,4347,284,5006,1171,194,11.0,0.0446,PB
2020-05-16,4063,324,4739,1088,183,13.0,0.045,PB
2020-05-15,3739,378,4480,1069,170,10.0,0.0455,PB
2020-05-14,3361,316,4233,731,160,3.0,0.0476,PB
2020-05-13,3045,268,3674,630,157,3.0,0.0516,PB
2020-05-12,2777,252,3137,601,154,15.0,0.0555,PB
2020-05-11,2525,184,2785,537,139,4.0,0.055,PB
2020-05-10,2341,185,2526,537,135,11.0,0.0577,PB
2020-05-09,2156,126,2490,490,124,10.0,0.0575,PB
2020-05-08,2030,181,2414,490,114,3.0,0.0562,PB
2020-05-07,1849,192,2356,490,111,10.0,0.06,PB
2020-05-06,1657,164,2247,320,101,9.0,0.061,PB
2020-05-05,1493,132,2158,310,92,7.0,0.0616,PB
2020-05-04,1361,142,2014,227,85,6.0,0.0625,PB
2020-05-03,1219,50,1957,227,79,3.0,0.0648,PB
2020-05-02,1169,135,1902,177,76,2.0,0.065,PB
2020-05-01,1034,108,1831,177,74,7.0,0.0716,PB
2020-04-30,926,112,1695,156,67,5.0,0.0724,PB
2020-04-29,814,115,1616,152,62,4.0,0.0762,PB
2020-04-28,699,66,1531,149,58,5.0,0.083,PB
2020-04-27,633,90,1482,119,53,3.0,0.0837,PB
2020-04-26,543,44,1421,119,50,1.0,0.0921,PB
2020-04-25,499,52,1392,117,49,3.0,0.0982,PB
2020-04-24,447,61,1351,117,46,2.0,0.1029,PB
2020-04-23,386,41,1274,116,44,4.0,0.114,PB
2020-04-22,345,44,1217,116,40,1.0,0.1159,PB
2020-04-21,301,38,1161,116,39,6.0,0.1296,PB
2020-04-20,263,18,1098,116,33,1.0,0.1255,PB
2020-04-19,245,9,1053,99,32,3.0,0.1306,PB
2020-04-18,236,31,1034,90,29,1.0,0.1229,PB
2020-04-17,205,10,979,90,28,2.0,0.1366,PB
2020-04-16,195,30,979,80,26,2.0,0.1333,PB
2020-04-15,165,13,920,80,24,3.0,0.1455,PB
2020-04-14,152,16,888,52,21,5.0,0.1382,PB
2020-04-13,136,25,878,52,16,3.0,0.1176,PB
2020-04-12,111,10,832,43,13,0.0,0.1171,PB
2020-04-11,101,16,832,43,13,2.0,0.1287,PB
2020-04-10,85,6,770,30,11,0.0,0.1294,PB
2020-04-09,79,24,770,0,11,4.0,0.1392,PB
2020-04-08,55,14,693,0,7,3.0,0.1273,PB
2020-04-07,41,5,649,0,4,0.0,0.0976,PB
2020-04-06,36,1,608,0,4,0.0,0.1111,PB
2020-04-05,35,1,563,0,4,1.0,0.1143,PB
2020-04-04,34,2,523,0,3,,0.0882,PB
2020-04-03,32,3,505,0,1,2.0,0.0313,PB
2020-04-02,29,8,445,0,1,0.0,0.0345,PB
2020-04-01,21,3,424,0,1,0.0,0.0476,PB
2020-03-31,18,1,387,0,1,1.0,0.0,PB
2020-03-30,17,2,367,0,0,0.0,0.0,PB
2020-03-29,15,1,349,0,0,0.0,0.0,PB
2020-03-28,14,4,348,0,0,0.0,0.0,PB
2020-03-27,10,4,303,0,0,0.0,0.0,PB
2020-03-26,6,1,227,0,0,0.0,0.0,PB
2020-03-25,5,2,117,0,0,0.0,0.0,PB
2020-03-24,3,1,100,0,0,0.0,0.0,PB
2020-03-23,2,1,61,0,0,0.0,0.0,PB
2020-03-22,1,0,40,0,0,0.0,0.0,PB
2020-03-21,1,1,0,0,0,0.0,0.0,PB
2020-03-20,0,0,0,0,0,0.0,0.0,PB
2020-03-19,0,0,0,0,0,0.0,0.0,PB
2020-03-18,0,0,0,0,0,0.0,0.0,PB
2020-03-17,0,0,0,0,0,0.0,0.0,PB
2020-03-16,0,0,0,0,0,0.0,0.0,PB
